Area,Perimeter,Circularity,Compactness,Hu_1,Solidity,Class
1770.0,250.5,0.355,35.438,0.371254999,0.792,Apple
54870.5,2548.5,0.106,118.364,0.5587594383810193,0.45,Apple_with_leaf
121770.5,1403.9,0.776,16.186,0.1666376841568624,1.0,Banana
